time,open,high,low,close,volume
Thu Apr 01 12:30:00 BST 2021,330.25,330.26,330.25,330.25,1776
Thu Apr 01 14:00:00 BST 2021,330.72,330.72,330.58,330.63,1322
Thu Apr 01 14:30:00 BST 2021,330.78,330.93,330.08,330.2,505884
Thu Apr 01 14:45:00 BST 2021,330.21,330.35,329.72,329.87,213003
Thu Apr 01 15:00:00 BST 2021,329.87,330.65,329.87,330.32,348484
Thu Apr 01 15:15:00 BST 2021,330.33,330.51,330.17,330.35,310098
Thu Apr 01 15:30:00 BST 2021,330.36,330.52,330.19,330.52,392540
Thu Apr 01 15:45:00 BST 2021,330.5,330.75,330.145,330.75,292719
Thu Apr 01 16:00:00 BST 2021,330.74,330.99,330.61,330.83,356155
Thu Apr 01 16:15:00 BST 2021,330.87,331.03,330.7,330.77,444609
Thu Apr 01 16:30:00 BST 2021,330.79,330.99,330.7,330.97,203580
Thu Apr 01 16:45:00 BST 2021,330.92,331.07,330.89,330.91,71072
Thu Apr 01 17:00:00 BST 2021,330.92,331.43,330.92,331.31,156450
Thu Apr 01 17:15:00 BST 2021,331.31,331.35,331.19,331.26,221815
Thu Apr 01 17:30:00 BST 2021,331.28,331.34,331.19,331.22,178276
Thu Apr 01 17:45:00 BST 2021,331.22,331.37,331.22,331.27,58380
Thu Apr 01 18:00:00 BST 2021,331.26,331.28,331.17,331.225,108529
Thu Apr 01 18:15:00 BST 2021,331.25,331.3,331.06,331.21,94534
Thu Apr 01 18:30:00 BST 2021,331.21,331.47,331.18,331.46,118411
Thu Apr 01 18:45:00 BST 2021,331.44,331.44,331.285,331.36,57247
Thu Apr 01 19:00:00 BST 2021,331.35,331.41,331.3,331.3,84204
Thu Apr 01 19:15:00 BST 2021,331.305,331.44,331.27,331.35,57159
Thu Apr 01 19:30:00 BST 2021,331.345,331.46,331.31,331.41,48465
Thu Apr 01 19:45:00 BST 2021,331.409,331.45,331.24,331.3,73539
Thu Apr 01 20:00:00 BST 2021,331.3,331.33,331.05,331.08,84863
Thu Apr 01 20:15:00 BST 2021,331.08,331.08,330.8,331.02,124444
Thu Apr 01 20:30:00 BST 2021,331,331.04,330.71,330.87,113041
Thu Apr 01 20:45:00 BST 2021,330.91,331.6,330.87,331.43,681775
Thu Apr 01 21:00:00 BST 2021,331.45,331.66,331.45,331.66,450519
Thu Apr 01 21:30:00 BST 2021,331.56,331.69,331.56,331.64,12083
Mon Apr 05 12:00:00 BST 2021,333.86,333.86,333.75,333.78,6253
Mon Apr 05 12:30:00 BST 2021,333.73,333.75,333.71,333.71,1692
Mon Apr 05 13:30:00 BST 2021,333.94,334.02,333.91,333.91,4703
Mon Apr 05 13:45:00 BST 2021,333.95,334,333.95,333.97,2127
Mon Apr 05 14:00:00 BST 2021,333.95,333.95,333.85,333.85,4070
Mon Apr 05 14:30:00 BST 2021,333.95,334.86,333.91,334.33,903781
Mon Apr 05 14:45:00 BST 2021,334.36,334.5,334.06,334.37,501286
Mon Apr 05 15:00:00 BST 2021,334.39,334.57,334.13,334.37,588881
Mon Apr 05 15:15:00 BST 2021,334.39,335.03,334.39,334.77,686452
Mon Apr 05 15:30:00 BST 2021,334.78,335.42,334.78,335.3,342510
Mon Apr 05 15:45:00 BST 2021,335.32,335.49,335.02,335.031,194671
Mon Apr 05 16:00:00 BST 2021,335.04,335.45,334.95,335.22,122628
Mon Apr 05 16:15:00 BST 2021,335.23,335.27,335.03,335.14,62456
Mon Apr 05 16:30:00 BST 2021,335.19,335.66,335.16,335.65,117870
Mon Apr 05 16:45:00 BST 2021,335.64,335.64,335.26,335.48,134321
Mon Apr 05 17:00:00 BST 2021,335.49,335.58,335.47,335.51,61443
Mon Apr 05 17:15:00 BST 2021,335.52,335.79,335.46,335.74,69427
Mon Apr 05 17:30:00 BST 2021,335.75,336.15,335.74,335.95,167582
Mon Apr 05 17:45:00 BST 2021,335.94,336.01,335.47,335.57,80806
Mon Apr 05 18:00:00 BST 2021,335.56,335.77,335.46,335.51,69313
Mon Apr 05 18:15:00 BST 2021,335.51,335.51,335.16,335.27,109025
Mon Apr 05 18:30:00 BST 2021,335.29,335.52,335.11,335.15,98028
Mon Apr 05 18:45:00 BST 2021,335.18,335.46,335.18,335.46,69365
Mon Apr 05 19:00:00 BST 2021,335.45,335.45,335.26,335.34,76277
Mon Apr 05 19:15:00 BST 2021,335.41,335.43,335.25,335.37,35263
Mon Apr 05 19:30:00 BST 2021,335.37,335.59,335.36,335.46,77131
Mon Apr 05 19:45:00 BST 2021,335.46,335.46,335.03,335.031,98298
Mon Apr 05 20:00:00 BST 2021,335.04,335.12,334.84,335.08,122031
Mon Apr 05 20:15:00 BST 2021,335.07,335.39,334.97,335.13,100626
Mon Apr 05 20:30:00 BST 2021,335.1,335.38,335.03,335.34,123375
Mon Apr 05 20:45:00 BST 2021,335.32,335.62,335.29,335.33,90904
Mon Apr 05 21:00:00 BST 2021,335.2,335.44,335,335.44,44940
Mon Apr 05 21:30:00 BST 2021,335.37,335.46,335.37,335.46,171268
Mon Apr 05 23:00:00 BST 2021,335.33,335.33,335.2,335.2,1374
Tue Apr 06 12:45:00 BST 2021,334.96,334.96,334.96,334.96,800
Tue Apr 06 14:30:00 BST 2021,334.69,334.84,334.39,334.61,269334
Tue Apr 06 14:45:00 BST 2021,334.66,335.27,334.64,335.07,168920
Tue Apr 06 15:00:00 BST 2021,335.07,335.23,334.9,335.16,109532
Tue Apr 06 15:15:00 BST 2021,335.19,335.42,335.1,335.15,154122
Tue Apr 06 15:30:00 BST 2021,335.2,335.3,334.87,334.97,171024
Tue Apr 06 15:45:00 BST 2021,334.98,335.09,334.74,335,202571
Tue Apr 06 16:00:00 BST 2021,334.97,335.12,334.74,335.05,98240
Tue Apr 06 16:15:00 BST 2021,335.06,335.1,334.74,334.84,226746
Tue Apr 06 16:30:00 BST 2021,334.81,334.98,334.73,334.91,54899
Tue Apr 06 16:45:00 BST 2021,334.94,335.09,334.94,335.04,49806
Tue Apr 06 17:00:00 BST 2021,335.06,335.14,334.99,335.06,47801
Tue Apr 06 17:15:00 BST 2021,335.06,335.19,334.99,335.05,44518
Tue Apr 06 17:30:00 BST 2021,335.06,335.08,334.74,334.77,75947
Tue Apr 06 17:45:00 BST 2021,334.77,334.85,334.73,334.81,71240
Tue Apr 06 18:00:00 BST 2021,334.81,334.81,334.6,334.66,65507
Tue Apr 06 18:15:00 BST 2021,334.63,334.75,334.4,334.55,102247
Tue Apr 06 18:30:00 BST 2021,334.54,334.8,334.48,334.75,59247
Tue Apr 06 18:45:00 BST 2021,334.75,334.89,334.74,334.85,33923
Tue Apr 06 19:00:00 BST 2021,334.82,334.91,334.79,334.83,65084
Tue Apr 06 19:15:00 BST 2021,334.84,334.84,334.6,334.64,33411
Tue Apr 06 19:30:00 BST 2021,334.64,334.69,334.44,334.63,70791
Tue Apr 06 19:45:00 BST 2021,334.63,334.75,334.51,334.54,70078
Tue Apr 06 20:00:00 BST 2021,334.525,334.59,334.095,334.25,96534
Tue Apr 06 20:15:00 BST 2021,334.245,334.4,334.14,334.23,96858
Tue Apr 06 20:30:00 BST 2021,334.25,334.31,334.03,334.04,117129
Tue Apr 06 20:45:00 BST 2021,334.06,334.36,333.78,334.3,320015
Tue Apr 06 21:00:00 BST 2021,334.31,334.37,334.2,334.2,37901
Tue Apr 06 21:30:00 BST 2021,334.23,334.3,334.23,334.3,1662
Tue Apr 06 22:45:00 BST 2021,334.6,334.62,334.4,334.4,5602
Wed Apr 07 00:00:00 BST 2021,334.53,334.53,334.53,334.53,1000
Wed Apr 07 13:15:00 BST 2021,334.28,334.28,333.89,333.92,8809
Wed Apr 07 14:30:00 BST 2021,334.14,335.17,334.14,334.82,259367
Wed Apr 07 14:45:00 BST 2021,334.85,334.87,334.45,334.53,136627
Wed Apr 07 15:00:00 BST 2021,334.55,334.64,334.25,334.28,143771
Wed Apr 07 15:15:00 BST 2021,334.26,334.57,334.2,334.57,101893
Wed Apr 07 15:30:00 BST 2021,334.6,334.85,334.56,334.71,59072
Wed Apr 07 15:45:00 BST 2021,334.71,334.87,334.6,334.675,66561
Wed Apr 07 16:00:00 BST 2021,334.64,334.64,334.31,334.41,117455
Wed Apr 07 16:15:00 BST 2021,334.42,334.44,333.98,334.09,100197
Wed Apr 07 16:30:00 BST 2021,334.11,334.12,333.56,333.6,149869
Wed Apr 07 16:45:00 BST 2021,333.59,333.82,333.48,333.82,158101
Wed Apr 07 17:00:00 BST 2021,333.8,334.1,333.79,333.99,86457
Wed Apr 07 17:15:00 BST 2021,333.97,333.97,333.47,333.48,98867
Wed Apr 07 17:30:00 BST 2021,333.45,333.91,333.44,333.88,57873
Wed Apr 07 17:45:00 BST 2021,333.88,334.21,333.87,334.2,100110
Wed Apr 07 18:00:00 BST 2021,334.19,334.34,334.06,334.19,81419
Wed Apr 07 18:15:00 BST 2021,334.15,334.16,333.87,334.06,33237
Wed Apr 07 18:30:00 BST 2021,334.06,334.15,333.96,334.07,31851
Wed Apr 07 18:45:00 BST 2021,334.07,334.3,334.07,334.26,49552
Wed Apr 07 19:00:00 BST 2021,334.25,334.43,334.18,334.34,107563
Wed Apr 07 19:15:00 BST 2021,334.34,334.36,334.08,334.15,57525
Wed Apr 07 19:30:00 BST 2021,334.14,334.21,334.09,334.13,39113
Wed Apr 07 19:45:00 BST 2021,334.12,334.25,334,334,49571
Wed Apr 07 20:00:00 BST 2021,334.03,334.23,333.94,333.985,84281
Wed Apr 07 20:15:00 BST 2021,333.97,334.06,333.75,333.86,84449
Wed Apr 07 20:30:00 BST 2021,333.83,334.18,333.67,334.15,136073
Wed Apr 07 20:45:00 BST 2021,334.14,334.44,334.02,334.37,148562
Wed Apr 07 21:00:00 BST 2021,334.37,334.58,334.35,334.57,13272
Wed Apr 07 23:45:00 BST 2021,334.56,334.56,334.56,334.56,491
Thu Apr 08 09:45:00 BST 2021,334.42,334.42,334.42,334.42,421
Thu Apr 08 11:45:00 BST 2021,334.52,334.52,334.32,334.32,8721
Thu Apr 08 12:00:00 BST 2021,334.25,334.35,334.25,334.32,6125
Thu Apr 08 13:15:00 BST 2021,334.54,334.57,334.43,334.48,13195
Thu Apr 08 13:30:00 BST 2021,334.52,334.52,334.24,334.26,9364
Thu Apr 08 13:45:00 BST 2021,334.2,334.2,334.13,334.16,9925
Thu Apr 08 14:00:00 BST 2021,334.2,334.2,334.2,334.2,156
Thu Apr 08 14:15:00 BST 2021,334.2,334.33,334.19,334.25,10824
Thu Apr 08 14:30:00 BST 2021,334.3,334.45,333.43,333.6,313206
Thu Apr 08 14:45:00 BST 2021,333.55,334.01,333.46,333.9,145706
Thu Apr 08 15:00:00 BST 2021,333.96,334.14,333.64,333.76,154825
Thu Apr 08 15:15:00 BST 2021,333.78,334,333.73,334,96528
Thu Apr 08 15:30:00 BST 2021,333.99,334.29,333.86,334.25,110118
Thu Apr 08 15:45:00 BST 2021,334.26,334.29,334.03,334.1,111600
Thu Apr 08 16:00:00 BST 2021,334.11,334.33,334.11,334.22,76170
Thu Apr 08 16:15:00 BST 2021,334.23,334.39,334.13,334.38,104931
Thu Apr 08 16:30:00 BST 2021,334.38,334.51,334.09,334.09,122058
Thu Apr 08 16:45:00 BST 2021,334.07,334.39,334.05,334.18,63072
Thu Apr 08 17:00:00 BST 2021,334.16,334.45,334.12,334.45,33352
Thu Apr 08 17:15:00 BST 2021,334.49,334.66,334.49,334.6,109116
Thu Apr 08 17:30:00 BST 2021,334.6,334.69,334.53,334.61,52686
Thu Apr 08 17:45:00 BST 2021,334.6,334.65,334.45,334.46,68354
Thu Apr 08 18:00:00 BST 2021,334.47,334.56,334.45,334.515,59657
Thu Apr 08 18:15:00 BST 2021,334.53,334.58,334.5,334.54,44041
Thu Apr 08 18:30:00 BST 2021,334.56,334.66,334.32,334.36,69748
Thu Apr 08 18:45:00 BST 2021,334.35,334.53,334.35,334.52,26254
Thu Apr 08 19:00:00 BST 2021,334.5,334.63,334.45,334.59,32689
Thu Apr 08 19:15:00 BST 2021,334.59,334.62,334.49,334.58,75991
Thu Apr 08 19:30:00 BST 2021,334.56,334.81,334.53,334.78,60712
Thu Apr 08 19:45:00 BST 2021,334.78,334.91,334.7,334.9,75767
Thu Apr 08 20:00:00 BST 2021,334.885,335,334.82,334.85,89681
Thu Apr 08 20:15:00 BST 2021,334.86,335.02,334.83,334.92,61580
Thu Apr 08 20:30:00 BST 2021,334.92,334.98,334.8,334.8,106580
Thu Apr 08 20:45:00 BST 2021,334.79,335.15,334.35,335.11,270915
Thu Apr 08 21:00:00 BST 2021,335.09,335.5,335.07,335.48,28524
Thu Apr 08 23:00:00 BST 2021,335.67,335.67,335.53,335.55,628
Fri Apr 09 00:30:00 BST 2021,335.6,335.68,335.6,335.66,1200
Fri Apr 09 13:30:00 BST 2021,335.7,335.83,335.63,335.65,1644
Fri Apr 09 14:00:00 BST 2021,335.39,335.5,335.35,335.5,1826
Fri Apr 09 14:30:00 BST 2021,335.7,336.5,335.58,336.15,277186
Fri Apr 09 14:45:00 BST 2021,336.15,336.28,335.9,335.97,146966
Fri Apr 09 15:00:00 BST 2021,335.95,336.04,335.65,335.66,120646
Fri Apr 09 15:15:00 BST 2021,335.65,335.75,335.44,335.75,93963
Fri Apr 09 15:30:00 BST 2021,335.76,335.91,335.43,335.48,125243
Fri Apr 09 15:45:00 BST 2021,335.43,335.84,335.36,335.8,69995
Fri Apr 09 16:00:00 BST 2021,335.79,336.13,335.77,336.01,230975
Fri Apr 09 16:15:00 BST 2021,336.03,336.04,335.73,335.87,93680
Fri Apr 09 16:30:00 BST 2021,335.86,335.92,335.775,335.775,55991
Fri Apr 09 16:45:00 BST 2021,335.78,335.93,335.77,335.8,65055
Fri Apr 09 17:00:00 BST 2021,335.78,335.84,335.66,335.81,54124
Fri Apr 09 17:15:00 BST 2021,335.82,335.92,335.8,335.83,53141
Fri Apr 09 17:30:00 BST 2021,335.84,336.07,335.83,336.05,42916
Fri Apr 09 17:45:00 BST 2021,336.05,336.1,335.93,335.97,90742
Fri Apr 09 18:00:00 BST 2021,335.98,336,335.85,335.95,57910
Fri Apr 09 18:15:00 BST 2021,335.96,336,335.91,335.98,23584
Fri Apr 09 18:30:00 BST 2021,335.97,336.24,335.97,336.22,50668
Fri Apr 09 18:45:00 BST 2021,336.23,336.47,336.23,336.36,98718
Fri Apr 09 19:00:00 BST 2021,336.37,336.44,336.24,336.35,125419
Fri Apr 09 19:15:00 BST 2021,336.37,336.46,336.34,336.4,42634
Fri Apr 09 19:30:00 BST 2021,336.4,336.6,336.34,336.54,61552
Fri Apr 09 19:45:00 BST 2021,336.54,336.62,336.45,336.45,54609
Fri Apr 09 20:00:00 BST 2021,336.44,336.52,336.4,336.425,54247
Fri Apr 09 20:15:00 BST 2021,336.42,337.28,336.42,337.24,204529
Fri Apr 09 20:30:00 BST 2021,337.3,337.56,337.27,337.33,194098
Fri Apr 09 20:45:00 BST 2021,337.34,338.08,337.32,337.88,306976
Fri Apr 09 21:00:00 BST 2021,337.86,338.02,337.47,337.58,39976
Fri Apr 09 21:30:00 BST 2021,337.5,337.61,337.45,337.46,156501
Mon Apr 12 11:00:00 BST 2021,337.24,337.27,337.24,337.27,407
Mon Apr 12 13:00:00 BST 2021,337.45,337.49,337.41,337.49,2188
Mon Apr 12 14:30:00 BST 2021,337.27,337.86,337.26,337.79,273669
Mon Apr 12 14:45:00 BST 2021,337.82,337.84,337.27,337.45,137076
Mon Apr 12 15:00:00 BST 2021,337.47,337.5,337.04,337.13,151366
Mon Apr 12 15:15:00 BST 2021,337.15,337.41,337.12,337.26,75035
Mon Apr 12 15:30:00 BST 2021,337.29,337.3,336.98,337.08,117129
Mon Apr 12 15:45:00 BST 2021,337.08,337.34,336.98,337.25,101053
Mon Apr 12 16:00:00 BST 2021,337.245,337.35,336.91,337.08,81142
Mon Apr 12 16:15:00 BST 2021,337.08,337.37,337.01,337.33,73308
Mon Apr 12 16:30:00 BST 2021,337.35,337.54,337.25,337.53,164641
Mon Apr 12 16:45:00 BST 2021,337.54,337.71,337.42,337.67,139872
Mon Apr 12 17:00:00 BST 2021,337.68,337.69,337.53,337.54,60819
Mon Apr 12 17:15:00 BST 2021,337.54,337.54,337.35,337.47,85986
Mon Apr 12 17:30:00 BST 2021,337.47,337.68,337.44,337.68,107960
Mon Apr 12 17:45:00 BST 2021,337.67,337.69,337.42,337.45,51626
Mon Apr 12 18:00:00 BST 2021,337.45,337.51,337.12,337.2,59848
Mon Apr 12 18:15:00 BST 2021,337.205,337.205,336.99,337.03,91839
Mon Apr 12 18:30:00 BST 2021,337.02,337.03,336.85,336.86,69033
Mon Apr 12 18:45:00 BST 2021,336.88,337.01,336.66,336.76,145910
Mon Apr 12 19:00:00 BST 2021,336.74,336.95,336.65,336.84,97662
Mon Apr 12 19:15:00 BST 2021,336.84,337,336.74,337,39276
Mon Apr 12 19:30:00 BST 2021,337.01,337.07,336.88,337.02,38955
Mon Apr 12 19:45:00 BST 2021,336.98,337.01,336.78,336.94,38674
Mon Apr 12 20:00:00 BST 2021,336.93,337.02,336.81,336.83,68246
Mon Apr 12 20:15:00 BST 2021,336.82,337.19,336.69,337.1,87121
Mon Apr 12 20:30:00 BST 2021,337.14,337.57,337.1,337.54,132207
Mon Apr 12 20:45:00 BST 2021,337.55,337.77,337.35,337.53,359072
Mon Apr 12 21:00:00 BST 2021,337.55,337.7,337.39,337.44,15329
Mon Apr 12 21:30:00 BST 2021,337.44,337.54,337.43,337.54,1158
Mon Apr 12 21:45:00 BST 2021,337.6,337.6,337.54,337.54,536
Tue Apr 13 09:00:00 BST 2021,337.76,337.76,337.76,337.76,200
Tue Apr 13 12:00:00 BST 2021,336.76,336.78,335.94,336.17,19329
Tue Apr 13 13:00:00 BST 2021,336.26,336.47,336.26,336.47,4810
Tue Apr 13 13:30:00 BST 2021,336.29,336.83,336.23,336.75,6264
Tue Apr 13 13:45:00 BST 2021,336.76,336.76,336.7,336.75,961
Tue Apr 13 14:00:00 BST 2021,336.82,336.91,336.68,336.68,7221
Tue Apr 13 14:15:00 BST 2021,336.67,336.68,336.52,336.61,11305
Tue Apr 13 14:30:00 BST 2021,336.63,336.79,335.49,335.59,275233
Tue Apr 13 14:45:00 BST 2021,335.61,335.99,335.53,335.96,234543
Tue Apr 13 15:00:00 BST 2021,335.94,336.4,335.94,336.2,164964
Tue Apr 13 15:15:00 BST 2021,336.18,336.48,335.99,336.08,145552
Tue Apr 13 15:30:00 BST 2021,336.09,336.32,335.87,336.1,126132
Tue Apr 13 15:45:00 BST 2021,336.11,336.21,335.92,336.1,84724
Tue Apr 13 16:00:00 BST 2021,336.13,336.46,336.13,336.35,87296
Tue Apr 13 16:15:00 BST 2021,336.35,336.53,336.28,336.53,88433
Tue Apr 13 16:30:00 BST 2021,336.54,336.6,336.17,336.21,90722
Tue Apr 13 16:45:00 BST 2021,336.2,336.33,336.18,336.27,45447
Tue Apr 13 17:00:00 BST 2021,336.26,336.31,335.93,335.96,68891
Tue Apr 13 17:15:00 BST 2021,335.98,336.07,335.89,335.9,63738
Tue Apr 13 17:30:00 BST 2021,335.9,335.96,335.66,335.75,81991
Tue Apr 13 17:45:00 BST 2021,335.74,335.8,335.68,335.68,104842
Tue Apr 13 18:00:00 BST 2021,335.68,335.78,335.58,335.77,102689
Tue Apr 13 18:15:00 BST 2021,335.72,335.8,335.65,335.8,43673
Tue Apr 13 18:30:00 BST 2021,335.8,336.08,335.8,336.06,105982
Tue Apr 13 18:45:00 BST 2021,336.05,336.17,336.04,336.12,78250
Tue Apr 13 19:00:00 BST 2021,336.12,336.56,336.1,336.51,112826
Tue Apr 13 19:15:00 BST 2021,336.55,336.76,336.51,336.69,93189
Tue Apr 13 19:30:00 BST 2021,336.71,336.79,336.58,336.72,74888
Tue Apr 13 19:45:00 BST 2021,336.72,337.01,336.68,336.94,95394
Tue Apr 13 20:00:00 BST 2021,336.95,337.42,336.95,337.25,117024
Tue Apr 13 20:15:00 BST 2021,337.28,337.32,337.1,337.15,94859
Tue Apr 13 20:30:00 BST 2021,337.17,337.24,336.88,336.96,199272
Tue Apr 13 20:45:00 BST 2021,336.95,337.06,336.94,336.99,47707
Tue Apr 13 21:00:00 BST 2021,336.79,336.93,336.75,336.9,22020
Tue Apr 13 21:30:00 BST 2021,336.91,336.91,336.9,336.91,2810
Tue Apr 13 22:15:00 BST 2021,336.59,336.59,336.55,336.55,777
Tue Apr 13 23:00:00 BST 2021,336.77,336.85,336.75,336.77,4548
Wed Apr 14 11:45:00 BST 2021,336.79,336.84,336.79,336.84,629
Wed Apr 14 12:00:00 BST 2021,336.58,336.58,336.56,336.58,2510
Wed Apr 14 13:00:00 BST 2021,337,337,337,337,2604
Wed Apr 14 14:00:00 BST 2021,336.65,336.7,336.65,336.69,747
Wed Apr 14 14:30:00 BST 2021,336.8,337.94,336.74,337.86,254290
Wed Apr 14 14:45:00 BST 2021,337.87,338.67,337.85,338.65,596651
Wed Apr 14 15:00:00 BST 2021,338.66,338.76,338.33,338.56,153897
Wed Apr 14 15:15:00 BST 2021,338.55,338.68,338.33,338.58,149214
Wed Apr 14 15:30:00 BST 2021,338.58,339.04,338.51,338.73,141078
Wed Apr 14 15:45:00 BST 2021,338.76,339,338.74,338.77,109917
Wed Apr 14 16:00:00 BST 2021,338.82,339.11,338.66,339.01,109112
Wed Apr 14 16:15:00 BST 2021,339.04,339.05,338.75,338.99,156501
Wed Apr 14 16:30:00 BST 2021,339.04,339.08,338.92,338.96,64161
Wed Apr 14 16:45:00 BST 2021,338.96,339.06,338.8,338.92,64138
Wed Apr 14 17:00:00 BST 2021,338.92,338.96,338.72,338.74,94520
Wed Apr 14 17:15:00 BST 2021,338.74,338.97,338.67,338.72,82579
Wed Apr 14 17:30:00 BST 2021,338.7,338.92,338.66,338.89,67932
Wed Apr 14 17:45:00 BST 2021,338.87,338.92,338.8,338.8,60332
Wed Apr 14 18:00:00 BST 2021,338.8,338.82,338.58,338.65,74590
Wed Apr 14 18:15:00 BST 2021,338.62,338.8,338.61,338.695,91639
Wed Apr 14 18:30:00 BST 2021,338.69,338.7,338.44,338.57,77913
Wed Apr 14 18:45:00 BST 2021,338.58,338.79,337.9,338.12,137675
Wed Apr 14 19:00:00 BST 2021,338.1,338.22,337.51,337.99,217601
Wed Apr 14 19:15:00 BST 2021,338,338.34,337.67,338.19,139091
Wed Apr 14 19:30:00 BST 2021,338.17,338.23,337.85,338.08,89996
Wed Apr 14 19:45:00 BST 2021,338.08,338.11,337.4,337.48,118170
Wed Apr 14 20:00:00 BST 2021,337.37,337.64,337.13,337.62,134653
Wed Apr 14 20:15:00 BST 2021,337.59,337.84,337.39,337.84,112931
Wed Apr 14 20:30:00 BST 2021,337.79,337.9,337.14,337.34,191074
Wed Apr 14 20:45:00 BST 2021,337.45,337.5,337.07,337.5,318628
Wed Apr 14 21:00:00 BST 2021,337.53,337.69,337.53,337.61,104858
Wed Apr 14 21:15:00 BST 2021,337.75,337.75,337.75,337.75,501
Thu Apr 15 12:15:00 BST 2021,338.76,338.77,338.69,338.69,2383
Thu Apr 15 13:15:00 BST 2021,339.01,339.15,339,339,4924
Thu Apr 15 14:00:00 BST 2021,338.94,338.95,338.8,338.8,1526
Thu Apr 15 14:30:00 BST 2021,338.83,339.77,338.83,339.45,306878
Thu Apr 15 14:45:00 BST 2021,339.48,339.68,339.3,339.68,398016
Thu Apr 15 15:00:00 BST 2021,339.75,339.86,339.31,339.56,292936
Thu Apr 15 15:15:00 BST 2021,339.61,339.83,339.4,339.6,134156
Thu Apr 15 15:30:00 BST 2021,339.7,340.22,339.7,340.1,144786
Thu Apr 15 15:45:00 BST 2021,340.09,340.15,339.71,339.89,90517
Thu Apr 15 16:00:00 BST 2021,339.96,340.16,339.92,339.95,307263
Thu Apr 15 16:15:00 BST 2021,339.94,339.99,339.76,339.78,83935
Thu Apr 15 16:30:00 BST 2021,339.83,339.91,339.74,339.84,94867
Thu Apr 15 16:45:00 BST 2021,339.87,340.06,339.81,340.05,141530
Thu Apr 15 17:00:00 BST 2021,340.05,340.36,340.05,340.21,82977
Thu Apr 15 17:15:00 BST 2021,340.21,340.32,340.04,340.07,49565
Thu Apr 15 17:30:00 BST 2021,340.06,340.18,340.04,340.13,88623
Thu Apr 15 17:45:00 BST 2021,340.12,340.3,340.07,340.27,45959
Thu Apr 15 18:00:00 BST 2021,340.23,340.28,339.87,339.96,106512
Thu Apr 15 18:15:00 BST 2021,339.95,340.05,339.9,339.94,57538
Thu Apr 15 18:30:00 BST 2021,339.95,340.12,339.9,340.12,73626
Thu Apr 15 18:45:00 BST 2021,340.13,340.14,339.88,339.92,38924
Thu Apr 15 19:00:00 BST 2021,339.93,340.039,339.76,339.86,102540
Thu Apr 15 19:15:00 BST 2021,339.9,340.25,339.87,340.19,169007
Thu Apr 15 19:30:00 BST 2021,340.2,340.27,340.08,340.16,107394
Thu Apr 15 19:45:00 BST 2021,340.16,340.17,339.98,340.01,89726
Thu Apr 15 20:00:00 BST 2021,340.03,340.27,339.78,339.95,125464
Thu Apr 15 20:15:00 BST 2021,339.96,340.14,339.79,339.81,137613
Thu Apr 15 20:30:00 BST 2021,339.81,340.37,339.78,340.37,137266
Thu Apr 15 20:45:00 BST 2021,340.37,340.72,340.11,340.36,351358
Thu Apr 15 21:00:00 BST 2021,340.4,340.5,340.36,340.37,27127
Thu Apr 15 21:30:00 BST 2021,340.17,340.5,340.17,340.5,5751
Thu Apr 15 22:45:00 BST 2021,340.7,340.75,340.47,340.47,1899
Thu Apr 15 23:00:00 BST 2021,340.47,340.47,340.44,340.44,828
Fri Apr 16 12:00:00 BST 2021,340.67,340.67,340.67,340.67,299
Fri Apr 16 12:45:00 BST 2021,340.72,340.72,340.72,340.72,950
Fri Apr 16 13:15:00 BST 2021,340.91,340.92,340.91,340.91,4961
Fri Apr 16 14:30:00 BST 2021,341.71,342.39,341.71,341.86,373717
Fri Apr 16 14:45:00 BST 2021,341.83,341.86,341.17,341.41,531801
Fri Apr 16 15:00:00 BST 2021,341.42,341.82,341.11,341.62,144178
Fri Apr 16 15:15:00 BST 2021,341.54,341.99,341.34,341.34,135710
Fri Apr 16 15:30:00 BST 2021,341.42,341.82,341.25,341.72,94010
Fri Apr 16 15:45:00 BST 2021,341.72,341.89,341.49,341.49,66934
Fri Apr 16 16:00:00 BST 2021,341.49,341.64,341.37,341.37,59596
Fri Apr 16 16:15:00 BST 2021,341.38,341.61,341.25,341.25,106139
Fri Apr 16 16:30:00 BST 2021,341.28,341.46,341.12,341.22,78400
Fri Apr 16 16:45:00 BST 2021,341.21,341.4,341.1,341.14,69633
Fri Apr 16 17:00:00 BST 2021,341.16,341.29,341.11,341.17,52298
Fri Apr 16 17:15:00 BST 2021,341.17,341.24,341.09,341.19,85406
Fri Apr 16 17:30:00 BST 2021,341.18,341.36,341.14,341.28,55199
Fri Apr 16 17:45:00 BST 2021,341.27,341.31,341.05,341.14,50317
Fri Apr 16 18:00:00 BST 2021,341.11,341.16,341,341.16,50082
Fri Apr 16 18:15:00 BST 2021,341.16,341.33,341.16,341.24,31662
Fri Apr 16 18:30:00 BST 2021,341.24,341.36,341.2,341.34,44835
Fri Apr 16 18:45:00 BST 2021,341.34,341.37,341.23,341.24,60023
Fri Apr 16 19:00:00 BST 2021,341.23,341.68,341.2,341.6,114806
Fri Apr 16 19:15:00 BST 2021,341.61,341.76,341.6,341.7,55839
Fri Apr 16 19:30:00 BST 2021,341.7,341.92,341.7,341.87,96570
Fri Apr 16 19:45:00 BST 2021,341.88,342.16,341.84,342.04,85443
Fri Apr 16 20:00:00 BST 2021,342.07,342.16,341.81,341.93,261430
Fri Apr 16 20:15:00 BST 2021,341.92,342.11,341.85,342.07,152312
Fri Apr 16 20:30:00 BST 2021,342.07,342.43,341.97,342.2,209145
Fri Apr 16 20:45:00 BST 2021,342.19,342.42,341.71,341.93,450770
Fri Apr 16 21:00:00 BST 2021,341.9,341.9,341.59,341.65,35169
Fri Apr 16 21:30:00 BST 2021,341.7,341.7,341.68,341.68,1908
Mon Apr 19 10:00:00 BST 2021,341.23,341.23,341.23,341.23,101
Mon Apr 19 11:00:00 BST 2021,341.14,341.14,341.14,341.14,100
Mon Apr 19 12:00:00 BST 2021,341.15,341.15,341,341.11,2037
Mon Apr 19 12:15:00 BST 2021,341.24,341.24,341.24,341.24,299
Mon Apr 19 13:00:00 BST 2021,341.04,341.16,341.04,341.15,5419
Mon Apr 19 14:30:00 BST 2021,341.04,341.31,340.37,340.66,320546
Mon Apr 19 14:45:00 BST 2021,340.66,341,340.61,340.85,144787
Mon Apr 19 15:00:00 BST 2021,340.83,340.83,339.76,340.45,224682
Mon Apr 19 15:15:00 BST 2021,340.43,340.998,340.29,340.7,109038
Mon Apr 19 15:30:00 BST 2021,340.69,340.97,340.45,340.53,82043
Mon Apr 19 15:45:00 BST 2021,340.47,340.49,339.89,340.39,86441
Mon Apr 19 16:00:00 BST 2021,340.37,340.41,340,340.35,82855
Mon Apr 19 16:15:00 BST 2021,340.37,340.59,340.17,340.575,125871
Mon Apr 19 16:30:00 BST 2021,340.57,340.649,339.96,339.96,114805
Mon Apr 19 16:45:00 BST 2021,339.95,340.6,339.74,340.46,133090
Mon Apr 19 17:00:00 BST 2021,340.44,340.65,340.07,340.37,120048
Mon Apr 19 17:15:00 BST 2021,340.35,340.67,340.03,340.23,123122
Mon Apr 19 17:30:00 BST 2021,340.27,340.35,339.65,339.91,85078
Mon Apr 19 17:45:00 BST 2021,339.89,340.12,339.77,339.88,63539
Mon Apr 19 18:00:00 BST 2021,339.9,340.23,339.8,340.22,80353
Mon Apr 19 18:15:00 BST 2021,340.23,340.34,340.16,340.23,45111
Mon Apr 19 18:30:00 BST 2021,340.22,340.53,340.07,340.38,80620
Mon Apr 19 18:45:00 BST 2021,340.37,340.49,340.24,340.39,70537
Mon Apr 19 19:00:00 BST 2021,340.33,340.46,340.2,340.4,62369
Mon Apr 19 19:15:00 BST 2021,340.42,340.63,340.38,340.62,55828
Mon Apr 19 19:30:00 BST 2021,340.6,340.67,340.18,340.43,109094
Mon Apr 19 19:45:00 BST 2021,340.42,340.75,340.32,340.7,83644
Mon Apr 19 20:00:00 BST 2021,340.68,340.83,340.38,340.41,86592
Mon Apr 19 20:15:00 BST 2021,340.48,340.52,340.14,340.21,101056
Mon Apr 19 20:30:00 BST 2021,340.19,340.63,340.05,340.57,189112
Mon Apr 19 20:45:00 BST 2021,340.58,340.78,340.16,340.77,371801
Mon Apr 19 21:00:00 BST 2021,340.86,341.16,340.69,341.16,36620
Mon Apr 19 21:30:00 BST 2021,341.07,341.09,340.97,341.09,1907
Mon Apr 19 23:00:00 BST 2021,340.9,340.95,340.9,340.95,4130
Mon Apr 19 23:15:00 BST 2021,340.96,340.96,340.94,340.94,2100
Tue Apr 20 00:45:00 BST 2021,341.22,341.3,341.22,341.3,1105
Tue Apr 20 10:30:00 BST 2021,339.33,339.37,339.33,339.34,1195
Tue Apr 20 11:45:00 BST 2021,338.73,339.32,338.73,339.32,2314
Tue Apr 20 12:00:00 BST 2021,339.37,339.4,339.25,339.4,4941
Tue Apr 20 14:30:00 BST 2021,339.4,339.86,339.21,339.54,206790
Tue Apr 20 14:45:00 BST 2021,339.59,339.78,339.4,339.52,140272
Tue Apr 20 15:00:00 BST 2021,339.54,339.71,339.01,339.12,170198
Tue Apr 20 15:15:00 BST 2021,339.08,339.41,338.98,339.09,107745
Tue Apr 20 15:30:00 BST 2021,339.1,339.1,338.28,338.47,325173
Tue Apr 20 15:45:00 BST 2021,338.46,338.48,337.63,338.3,316696
Tue Apr 20 16:00:00 BST 2021,338.29,338.38,337.87,338.09,147407
Tue Apr 20 16:15:00 BST 2021,338.01,338.22,337.66,337.97,186059
Tue Apr 20 16:30:00 BST 2021,337.96,337.98,337.07,337.86,206211
Tue Apr 20 16:45:00 BST 2021,337.9,337.91,337.45,337.71,98682
Tue Apr 20 17:00:00 BST 2021,337.74,338.05,337.61,338.02,67019
Tue Apr 20 17:15:00 BST 2021,338.09,338.5,338.04,338.21,123407
Tue Apr 20 17:30:00 BST 2021,338.24,338.37,338.05,338.11,57756
Tue Apr 20 17:45:00 BST 2021,338.11,338.34,337.83,338.24,70639
Tue Apr 20 18:00:00 BST 2021,338.27,338.27,337.97,338.03,62924
Tue Apr 20 18:15:00 BST 2021,338.01,338.22,337.6,337.61,72417
Tue Apr 20 18:30:00 BST 2021,337.6,337.65,337.39,337.59,75798
Tue Apr 20 18:45:00 BST 2021,337.54,337.79,337.48,337.75,108443
Tue Apr 20 19:00:00 BST 2021,337.72,337.76,337.54,337.61,65551
Tue Apr 20 19:15:00 BST 2021,337.61,337.63,337.31,337.32,44550
Tue Apr 20 19:30:00 BST 2021,337.27,337.27,336.86,337,90159
Tue Apr 20 19:45:00 BST 2021,337,337.27,336.76,336.91,91101
Tue Apr 20 20:00:00 BST 2021,336.92,337.63,336.92,337.62,114177
Tue Apr 20 20:15:00 BST 2021,337.63,337.83,337.61,337.72,146309
Tue Apr 20 20:30:00 BST 2021,337.72,338.16,337.63,338.08,207218
Tue Apr 20 20:45:00 BST 2021,338.1,338.27,337.86,338.13,282193
Tue Apr 20 21:00:00 BST 2021,338.12,338.21,338.01,338.1,21421
Wed Apr 21 00:15:00 BST 2021,338.1,338.12,338.04,338.07,703
Wed Apr 21 13:15:00 BST 2021,338.04,338.04,337.76,337.76,751
Wed Apr 21 13:30:00 BST 2021,337.8,337.8,337.5,337.52,6129
Wed Apr 21 13:45:00 BST 2021,337.52,337.65,337.52,337.65,2228
Wed Apr 21 14:30:00 BST 2021,337.63,338.87,337.56,338.86,308393
Wed Apr 21 14:45:00 BST 2021,338.84,339.46,338.7,339.41,304947
Wed Apr 21 15:00:00 BST 2021,339.47,339.64,339.39,339.48,160496
Wed Apr 21 15:15:00 BST 2021,339.48,340.15,339.44,339.85,171828
Wed Apr 21 15:30:00 BST 2021,339.84,339.98,339.54,339.98,141105
Wed Apr 21 15:45:00 BST 2021,340,340.1,339.57,339.97,107556
Wed Apr 21 16:00:00 BST 2021,339.975,340.3,339.83,340.05,197281
Wed Apr 21 16:15:00 BST 2021,340.01,340.04,339.44,339.61,115863
Wed Apr 21 16:30:00 BST 2021,339.58,339.96,339.58,339.95,80216
Wed Apr 21 16:45:00 BST 2021,339.95,340.1,339.89,340.05,87755
Wed Apr 21 17:00:00 BST 2021,340.07,340.24,339.98,340.21,56105
Wed Apr 21 17:15:00 BST 2021,340.19,340.3,340.12,340.12,49488
Wed Apr 21 17:30:00 BST 2021,340.13,340.23,340.13,340.23,22712
Wed Apr 21 17:45:00 BST 2021,340.23,340.27,340.13,340.27,59284
Wed Apr 21 18:00:00 BST 2021,340.29,340.51,340.24,340.45,106155
Wed Apr 21 18:15:00 BST 2021,340.44,340.48,340.32,340.4,100606
Wed Apr 21 18:30:00 BST 2021,340.39,340.51,340.39,340.45,227059
Wed Apr 21 18:45:00 BST 2021,340.47,340.57,340.46,340.53,79934
Wed Apr 21 19:00:00 BST 2021,340.55,340.8,340.55,340.7,277924
Wed Apr 21 19:15:00 BST 2021,340.68,340.77,340.51,340.51,75778
Wed Apr 21 19:30:00 BST 2021,340.51,340.75,340.505,340.52,45985
Wed Apr 21 19:45:00 BST 2021,340.53,340.67,340.45,340.64,46767
Wed Apr 21 20:00:00 BST 2021,340.63,340.79,340.54,340.77,209748
Wed Apr 21 20:15:00 BST 2021,340.79,340.79,340.61,340.64,87974
Wed Apr 21 20:30:00 BST 2021,340.66,341.32,340.62,341.2,266779
Wed Apr 21 20:45:00 BST 2021,341.23,341.43,341.2,341.37,76054
Wed Apr 21 21:00:00 BST 2021,341.3,341.3,340.81,340.95,30476
Wed Apr 21 21:30:00 BST 2021,340.9,340.91,340.9,340.91,523
Thu Apr 22 13:30:00 BST 2021,341.1,341.31,341.1,341.2,7890
Thu Apr 22 14:00:00 BST 2021,341.04,341.15,341.04,341.15,1620
Thu Apr 22 14:30:00 BST 2021,341.12,341.12,339.66,339.99,373141
Thu Apr 22 14:45:00 BST 2021,339.99,340.41,339.72,340.28,170844
Thu Apr 22 15:00:00 BST 2021,340.22,340.22,339.49,340.15,145240
Thu Apr 22 15:15:00 BST 2021,340.17,340.17,339.71,339.78,74183
Thu Apr 22 15:30:00 BST 2021,339.78,340.35,339.69,340.31,196950
Thu Apr 22 15:45:00 BST 2021,340.25,340.49,340.2,340.36,71352
Thu Apr 22 16:00:00 BST 2021,340.38,340.84,340.32,340.76,158256
Thu Apr 22 16:15:00 BST 2021,340.74,340.81,340.54,340.55,90854
Thu Apr 22 16:30:00 BST 2021,340.54,340.95,340.42,340.83,115799
Thu Apr 22 16:45:00 BST 2021,340.8,340.93,340.72,340.82,56723
Thu Apr 22 17:00:00 BST 2021,340.83,340.86,340.53,340.61,90502
Thu Apr 22 17:15:00 BST 2021,340.62,341,340.6,340.94,68705
Thu Apr 22 17:30:00 BST 2021,340.94,341.16,340.92,341.04,52199
Thu Apr 22 17:45:00 BST 2021,341.02,341.2,340.95,341.2,56400
Thu Apr 22 18:00:00 BST 2021,341.21,341.21,338.54,339.55,408837
Thu Apr 22 18:15:00 BST 2021,339.5,339.61,338.44,339.5,388005
Thu Apr 22 18:30:00 BST 2021,339.48,339.63,338.26,338.28,201483
Thu Apr 22 18:45:00 BST 2021,338.29,338.61,337.28,337.57,367307
Thu Apr 22 19:00:00 BST 2021,337.49,338.14,337.1,338.11,429764
Thu Apr 22 19:15:00 BST 2021,338.06,338.4,337.73,338.4,161485
Thu Apr 22 19:30:00 BST 2021,338.36,338.58,338.15,338.56,105943
Thu Apr 22 19:45:00 BST 2021,338.61,338.85,338.42,338.55,149871
Thu Apr 22 20:00:00 BST 2021,338.57,338.85,337.96,338.11,156844
Thu Apr 22 20:15:00 BST 2021,338.14,338.14,337.69,338.02,217571
Thu Apr 22 20:30:00 BST 2021,337.97,338.51,337.94,338.1,181809
Thu Apr 22 20:45:00 BST 2021,338.19,338.66,338,338.11,346519
Thu Apr 22 21:00:00 BST 2021,338.15,338.27,337.83,338.11,54471
Thu Apr 22 21:30:00 BST 2021,338.12,338.17,338.09,338.17,628
Thu Apr 22 22:15:00 BST 2021,338.31,338.78,338.31,338.5,3237
Thu Apr 22 23:00:00 BST 2021,338.21,338.44,338.18,338.44,2712
Fri Apr 23 00:45:00 BST 2021,338.25,338.25,338.15,338.24,716
Fri Apr 23 12:00:00 BST 2021,338.8,338.8,338.74,338.74,838
Fri Apr 23 14:30:00 BST 2021,337.75,337.93,337.13,337.62,230011
Fri Apr 23 14:45:00 BST 2021,337.62,338.49,337.48,338.49,219297
Fri Apr 23 15:00:00 BST 2021,338.49,338.9,338.49,338.65,135360
Fri Apr 23 15:15:00 BST 2021,338.67,338.81,338.47,338.78,137810
Fri Apr 23 15:30:00 BST 2021,338.83,339.76,338.78,339.61,207751
Fri Apr 23 15:45:00 BST 2021,339.61,340.21,339.52,340.19,173657
Fri Apr 23 16:00:00 BST 2021,340.21,340.23,339.83,340.05,97282
Fri Apr 23 16:15:00 BST 2021,340.08,340.27,339.91,339.94,97790
Fri Apr 23 16:30:00 BST 2021,339.94,340.045,339.76,339.89,199279
Fri Apr 23 16:45:00 BST 2021,339.87,339.97,339.761,339.77,44703
Fri Apr 23 17:00:00 BST 2021,339.8,339.95,339.78,339.88,57237
Fri Apr 23 17:15:00 BST 2021,339.88,340.14,339.88,340.09,46554
Fri Apr 23 17:30:00 BST 2021,340.12,340.44,340.12,340.4,88258
Fri Apr 23 17:45:00 BST 2021,340.38,340.75,340.38,340.54,78684
Fri Apr 23 18:00:00 BST 2021,340.53,340.57,340.3,340.43,101908
Fri Apr 23 18:15:00 BST 2021,340.43,340.49,340.301,340.4,67302
Fri Apr 23 18:30:00 BST 2021,340.42,340.57,340.42,340.51,43703
Fri Apr 23 18:45:00 BST 2021,340.51,340.51,340.36,340.385,54600
Fri Apr 23 19:00:00 BST 2021,340.38,340.64,340.38,340.54,67246
Fri Apr 23 19:15:00 BST 2021,340.56,340.57,340.25,340.44,352496
Fri Apr 23 19:30:00 BST 2021,340.45,340.68,340.41,340.67,48492
Fri Apr 23 19:45:00 BST 2021,340.65,340.88,340.6,340.73,84779
Fri Apr 23 20:00:00 BST 2021,340.73,340.9,340.67,340.9,84664
Fri Apr 23 20:15:00 BST 2021,340.91,341.25,340.88,341.15,129581
Fri Apr 23 20:30:00 BST 2021,341.15,341.59,340.99,341,166703
Fri Apr 23 20:45:00 BST 2021,340.98,340.99,340.28,340.43,325912
Fri Apr 23 21:00:00 BST 2021,340.45,340.55,340.04,340.11,56337
Fri Apr 23 21:15:00 BST 2021,340.1,340.24,340,340,976
Fri Apr 23 21:30:00 BST 2021,340.1,340.24,340.1,340.14,51745
Mon Apr 26 09:00:00 BST 2021,340.01,340.01,340.01,340.01,742
Mon Apr 26 12:00:00 BST 2021,340.5,340.5,340.5,340.5,309
Mon Apr 26 13:15:00 BST 2021,340.84,341.01,340.84,340.97,1759
Mon Apr 26 13:45:00 BST 2021,340.88,340.9,340.88,340.88,1126
Mon Apr 26 14:00:00 BST 2021,340.9,340.94,340.88,340.94,518
Mon Apr 26 14:30:00 BST 2021,341.15,341.48,340.79,341.34,191225
Mon Apr 26 14:45:00 BST 2021,341.35,341.45,340.85,341.02,134686
Mon Apr 26 15:00:00 BST 2021,341.02,341.3,340.88,341.2,90661
Mon Apr 26 15:15:00 BST 2021,341.21,341.24,340.75,340.93,123395
Mon Apr 26 15:30:00 BST 2021,340.96,340.97,340.66,340.68,72108
Mon Apr 26 15:45:00 BST 2021,340.69,340.87,340.58,340.72,85034
Mon Apr 26 16:00:00 BST 2021,340.71,341.04,340.7,340.91,61730
Mon Apr 26 16:15:00 BST 2021,340.91,340.97,340.71,340.8,88375
Mon Apr 26 16:30:00 BST 2021,340.81,340.86,340.52,340.52,45943
Mon Apr 26 16:45:00 BST 2021,340.53,340.71,340.53,340.64,36073
Mon Apr 26 17:00:00 BST 2021,340.66,340.71,340.36,340.54,75049
Mon Apr 26 17:15:00 BST 2021,340.5,340.52,340.29,340.41,32514
Mon Apr 26 17:30:00 BST 2021,340.39,340.739,340.39,340.7,37954
Mon Apr 26 17:45:00 BST 2021,340.66,340.69,340.42,340.43,30280
Mon Apr 26 18:00:00 BST 2021,340.45,340.47,340.22,340.31,49649
Mon Apr 26 18:15:00 BST 2021,340.32,340.33,340.17,340.21,44355
Mon Apr 26 18:30:00 BST 2021,340.2,340.27,340.01,340.161,50861
Mon Apr 26 18:45:00 BST 2021,340.17,340.26,340.095,340.2,41580
Mon Apr 26 19:00:00 BST 2021,340.19,340.29,340.08,340.08,55762
Mon Apr 26 19:15:00 BST 2021,340.09,340.34,340.09,340.32,38639
Mon Apr 26 19:30:00 BST 2021,340.32,340.36,340.17,340.29,44262
Mon Apr 26 19:45:00 BST 2021,340.3,340.33,340.23,340.27,35172
Mon Apr 26 20:00:00 BST 2021,340.27,340.37,340.15,340.28,50815
Mon Apr 26 20:15:00 BST 2021,340.3,340.42,339.61,339.67,88300
Mon Apr 26 20:30:00 BST 2021,339.64,340.17,339.39,340.08,144132
Mon Apr 26 20:45:00 BST 2021,340.04,340.08,339.5,339.89,289693
Mon Apr 26 21:00:00 BST 2021,339.87,340,339.67,339.72,15165
Mon Apr 26 21:30:00 BST 2021,339.69,339.9,339.69,339.9,10915
Mon Apr 26 21:45:00 BST 2021,339.89,340,339.84,340,1617
Mon Apr 26 23:00:00 BST 2021,339.88,339.88,339.72,339.77,1673
Tue Apr 27 09:45:00 BST 2021,340.1,340.1,340.1,340.1,200
Tue Apr 27 12:00:00 BST 2021,340.14,340.14,339.92,340.02,1693
Tue Apr 27 12:30:00 BST 2021,339.88,340,339.81,339.81,2342
Tue Apr 27 13:15:00 BST 2021,339.9,339.91,339.81,339.81,1656
Tue Apr 27 14:30:00 BST 2021,339.6,339.74,338.7,339.17,281934
Tue Apr 27 14:45:00 BST 2021,339.21,339.62,339.11,339.24,204765
Tue Apr 27 15:00:00 BST 2021,339.25,339.82,339.17,339.62,124686
Tue Apr 27 15:15:00 BST 2021,339.57,339.57,339.1,339.47,76039
Tue Apr 27 15:30:00 BST 2021,339.46,339.48,339.13,339.43,71544
Tue Apr 27 15:45:00 BST 2021,339.48,339.76,339.46,339.55,53629
Tue Apr 27 16:00:00 BST 2021,339.55,339.7,339.46,339.62,38574
Tue Apr 27 16:15:00 BST 2021,339.64,339.69,339.4,339.4,39900
Tue Apr 27 16:30:00 BST 2021,339.42,339.57,339.4,339.57,40251
Tue Apr 27 16:45:00 BST 2021,339.56,339.8,339.45,339.7,48307
Tue Apr 27 17:00:00 BST 2021,339.71,339.8,339.59,339.65,71505
Tue Apr 27 17:15:00 BST 2021,339.67,339.75,339.58,339.7,204363
Tue Apr 27 17:30:00 BST 2021,339.66,339.68,339.4,339.45,34719
Tue Apr 27 17:45:00 BST 2021,339.46,339.47,339.14,339.26,128299
Tue Apr 27 18:00:00 BST 2021,339.26,339.51,339.18,339.41,39960
Tue Apr 27 18:15:00 BST 2021,339.44,339.58,339.41,339.52,20547
Tue Apr 27 18:30:00 BST 2021,339.56,339.73,339.47,339.66,21115
Tue Apr 27 18:45:00 BST 2021,339.64,339.7,339.44,339.67,44370
Tue Apr 27 19:00:00 BST 2021,339.7,339.79,339.53,339.73,69862
Tue Apr 27 19:15:00 BST 2021,339.73,339.86,339.63,339.84,103321
Tue Apr 27 19:30:00 BST 2021,339.85,340.12,339.85,340.02,90879
Tue Apr 27 19:45:00 BST 2021,340.06,340.1,339.94,339.97,58118
Tue Apr 27 20:00:00 BST 2021,339.96,340.2,339.76,340.19,86730
Tue Apr 27 20:15:00 BST 2021,340.18,340.34,340.04,340.2,55442
Tue Apr 27 20:30:00 BST 2021,340.19,340.41,340.13,340.31,71892
Tue Apr 27 20:45:00 BST 2021,340.29,340.31,339.67,339.83,266443
Tue Apr 27 21:00:00 BST 2021,339.86,340.03,339.07,339.27,209139
Tue Apr 27 21:30:00 BST 2021,339,339.15,338.92,339,5687
Tue Apr 27 21:45:00 BST 2021,338.99,339.19,338.99,339.12,2758
Tue Apr 27 23:00:00 BST 2021,339.26,339.32,339.25,339.25,743
Wed Apr 28 00:45:00 BST 2021,339.21,339.21,339.1,339.12,1209
Wed Apr 28 12:30:00 BST 2021,339.54,339.54,339.13,339.13,9675
Wed Apr 28 13:00:00 BST 2021,339,339.14,339,339.14,1872
Wed Apr 28 13:30:00 BST 2021,339.19,339.21,339.14,339.14,2946
Wed Apr 28 14:00:00 BST 2021,339.32,339.32,339.26,339.28,5009
Wed Apr 28 14:30:00 BST 2021,339.24,339.285,338.38,338.7,287489
Wed Apr 28 14:45:00 BST 2021,338.67,338.87,338.37,338.55,179241
Wed Apr 28 15:00:00 BST 2021,338.57,338.59,338.06,338.38,214090
Wed Apr 28 15:15:00 BST 2021,338.37,338.46,338.13,338.39,83035
Wed Apr 28 15:30:00 BST 2021,338.39,338.58,338.34,338.56,123439
Wed Apr 28 15:45:00 BST 2021,338.58,338.79,338.57,338.76,80724
Wed Apr 28 16:00:00 BST 2021,338.7,338.92,338.7,338.82,58542
Wed Apr 28 16:15:00 BST 2021,338.83,338.86,338.64,338.77,78371
Wed Apr 28 16:30:00 BST 2021,338.78,338.79,338.52,338.57,63534
Wed Apr 28 16:45:00 BST 2021,338.59,338.69,338.31,338.43,64924
Wed Apr 28 17:00:00 BST 2021,338.42,338.76,338.33,338.69,62879
Wed Apr 28 17:15:00 BST 2021,338.71,338.72,338.6,338.67,36135
Wed Apr 28 17:30:00 BST 2021,338.67,338.79,338.67,338.71,35941
Wed Apr 28 17:45:00 BST 2021,338.71,338.84,338.655,338.78,45903
Wed Apr 28 18:00:00 BST 2021,338.78,338.8,338.7,338.7,23473
Wed Apr 28 18:15:00 BST 2021,338.72,338.77,338.67,338.71,21781
Wed Apr 28 18:30:00 BST 2021,338.71,338.74,338.56,338.58,47151
Wed Apr 28 18:45:00 BST 2021,338.54,338.54,338.22,338.25,69711
Wed Apr 28 19:00:00 BST 2021,338.28,338.91,338.12,338.59,160308
Wed Apr 28 19:15:00 BST 2021,338.57,338.83,338.48,338.69,79899
Wed Apr 28 19:30:00 BST 2021,338.68,339.41,338.42,339.32,161626
Wed Apr 28 19:45:00 BST 2021,339.3,339.49,339.01,339.1,132909
Wed Apr 28 20:00:00 BST 2021,339.09,339.25,338.16,338.6,160138
Wed Apr 28 20:15:00 BST 2021,338.61,338.85,338.53,338.84,87995
Wed Apr 28 20:30:00 BST 2021,338.76,339,338.59,338.73,73050
Wed Apr 28 20:45:00 BST 2021,338.74,338.81,338.14,338.37,481440
Wed Apr 28 21:00:00 BST 2021,338.46,338.71,338.25,338.35,46122
Wed Apr 28 21:30:00 BST 2021,338.2,338.28,337.97,338.1,14590
Wed Apr 28 23:45:00 BST 2021,338.46,338.46,338.41,338.41,490
Thu Apr 29 11:30:00 BST 2021,339.97,339.97,339.97,339.97,348
Thu Apr 29 13:00:00 BST 2021,339.65,339.69,339.64,339.64,2890
Thu Apr 29 13:15:00 BST 2021,339.71,339.72,339.7,339.71,1105
Thu Apr 29 13:30:00 BST 2021,339.9,339.97,339.72,339.97,3619
Thu Apr 29 14:30:00 BST 2021,339.83,340.32,339.27,339.43,248227
Thu Apr 29 14:45:00 BST 2021,339.42,339.73,339.32,339.36,152069
Thu Apr 29 15:00:00 BST 2021,339.37,339.38,338.91,338.91,130160
Thu Apr 29 15:15:00 BST 2021,338.92,338.95,338.55,338.65,117637
Thu Apr 29 15:30:00 BST 2021,338.71,338.72,338,338.44,155567
Thu Apr 29 15:45:00 BST 2021,338.4,338.4,337.86,338.1,196727
Thu Apr 29 16:00:00 BST 2021,338.1,338.64,338.08,338.61,56134
Thu Apr 29 16:15:00 BST 2021,338.6,338.63,338.38,338.54,61433
Thu Apr 29 16:30:00 BST 2021,338.54,338.65,338.29,338.52,66107
Thu Apr 29 16:45:00 BST 2021,338.5,338.649,338.27,338.35,148900
Thu Apr 29 17:00:00 BST 2021,338.29,338.32,337.37,337.88,164973
Thu Apr 29 17:15:00 BST 2021,337.91,338.07,337.7,338.07,43690
Thu Apr 29 17:30:00 BST 2021,338.2,338.77,338.06,338.77,111830
Thu Apr 29 17:45:00 BST 2021,338.763,339.19,338.7,339.12,98501
Thu Apr 29 18:00:00 BST 2021,339.15,339.28,338.94,339.2,95106
Thu Apr 29 18:15:00 BST 2021,339.17,339.45,339.15,339.32,127236
Thu Apr 29 18:30:00 BST 2021,339.36,339.51,339.12,339.43,73240
Thu Apr 29 18:45:00 BST 2021,339.43,339.55,339.21,339.28,143369
Thu Apr 29 19:00:00 BST 2021,339.3,339.73,339.3,339.6717,54325
Thu Apr 29 19:15:00 BST 2021,339.71,340.03,339.66,340.0101,104860
Thu Apr 29 19:30:00 BST 2021,340.025,340.54,340.025,340.51,151582
Thu Apr 29 19:45:00 BST 2021,340.56,340.86,340.34,340.4,194670
Thu Apr 29 20:00:00 BST 2021,340.43,340.76,340.43,340.69,190646
Thu Apr 29 20:15:00 BST 2021,340.71,340.73,340.27,340.2801,109590
Thu Apr 29 20:30:00 BST 2021,340.3,340.59,340.29,340.5,68310
Thu Apr 29 20:45:00 BST 2021,340.51,340.85,340.37,340.65,264474
Thu Apr 29 21:00:00 BST 2021,340.35,340.39,340.13,340.32,2484
Thu Apr 29 21:30:00 BST 2021,340.24,340.24,340.19,340.19,485
Thu Apr 29 21:45:00 BST 2021,340.25,340.31,340.25,340.3,1080
Thu Apr 29 22:15:00 BST 2021,340.4,340.4,340.4,340.4,90
Thu Apr 29 22:45:00 BST 2021,340.45,340.45,340.45,340.45,165
Thu Apr 29 23:00:00 BST 2021,340.27,340.28,340.18,340.18,1754
Thu Apr 29 23:30:00 BST 2021,340.35,340.35,340.26,340.26,1510
Thu Apr 29 23:45:00 BST 2021,340.3,340.3,340.3,340.3,90
